<?xml version="1.0" encoding="UTF-8" standalone="yes"?>
<report>
    <action>Blocked the transaction</action>
    <currency_code_local>KWD</currency_code_local>
    <location>
        <address>Khaitan</address>
        <address_type>1</address_type>
        <city>Kuwait</city>
        <country_code>KW</country_code>
    </location>
    <reason>Suspicious transaction</reason>
    <rentity_id>18</rentity_id>
    <reportIndicators>
        <indicator>PO-1</indicator>
    </reportIndicators>
    <report_code>STR</report_code>
    <reportingPerson>
        <email>Mohammed.Jabarullah@almullaexchange.com</email>
        <first_name>almulla</first_name>
        <last_name>admin</last_name>
        <nationality1>KW</nationality1>
        <occupation>compliance officer</occupation>
        <phone>
            <tph_communication_type>M</tph_communication_type>
            <tph_contact_type>1</tph_contact_type>
            <tph_number>123456</tph_number>
        </phone>
    </reportingPerson>
    <submission_code>E</submission_code>
    <submission_date>2019-05-16T00:00:00</submission_date>
    <transaction>
        <amount_local>150</amount_local>
        <authorized>Kanmani</authorized>
        <date_transaction>2019-05-16T00:00:00</date_transaction>
        <TFromMyclient>
            <fromForeignCurrency>
                <foreign_amount>30000</foreign_amount>
                <foreign_currency_code>INR</foreign_currency_code>
                <foreign_exchange_rate>230.25</foreign_exchange_rate>
            </fromForeignCurrency>
            <fromPerson>
                <address>
                    <address>Khaitan</address>
                    <address_type>1</address_type>
                    <city>Kuwait</city>
                    <country_code>KW</country_code>
                </address>
                <first_name>Osaba</first_name>
                <gender>M</gender>
                <identification>
                    <issue_country>KW</issue_country>
                    <number>2810502079628</number>
                    <type>B</type>
                </identification>
                <last_name>Bil Laden</last_name>
                <nationality1>SA</nationality1>
                <phones>
                    <tph_communication_type>M</tph_communication_type>
                    <tph_contact_type>1</tph_contact_type>
                    <tph_country_prefix>M</tph_country_prefix>
                    <tph_number>123456789</tph_number>
                </phones>
                <ssn>2019/123456</ssn>
                <title>Mr</title>
            </fromPerson>
            <from_country>KW</from_country>
            <from_funds_code>B</from_funds_code>
        </TFromMyclient>
        <teller>Kanmani</teller>
        <transaction_location>Murgab Branch</transaction_location>
        <transactionnumber>2019/123456</transactionnumber>
        <transmode_code>C</transmode_code>
        <tTo>
            <toForeignCurrency>
                <foreign_amount>3000</foreign_amount>
                <foreign_currency_code>INR</foreign_currency_code>
                <foreign_exchange_rate>230.50</foreign_exchange_rate>
            </toForeignCurrency>
            <toPerson>
                <address>
                    <address>Tamil Nadu</address>
                    <address_type>1</address_type>
                    <city>Chennai</city>
                    <country_code>IN</country_code>
                </address>
                <first_name>Test bene</first_name>
                <gender>M</gender>
                <identification>
                    <issue_country>IN</issue_country>
                    <number>123456</number>
                    <type>D</type>
                </identification>
                <last_name>bene</last_name>
                <nationality1>IN</nationality1>
                <phone>
                    <tph_communication_type>M</tph_communication_type>
                    <tph_contact_type>1</tph_contact_type>
                    <tph_country_prefix>0091</tph_country_prefix>
                    <tph_number>0091</tph_number>
                </phone>
                <ssn>2019/123456</ssn>
                <title>Mr</title>
            </toPerson>
            <to_country>KW</to_country>
            <to_funds_code>B</to_funds_code>
        </tTo>
    </transaction>
</report>