<?xml version='1.0' encoding='UTF-8'?><report><rentity_id>18</rentity_id><submission_code>E</submission_code><report_code>STR</report_code><submission_date>2020-01-02T13:54:31</submission_date><currency_code_local>KWD</currency_code_local><reporting_person><first_name>HATEM MOHAMMED AHMED</first_name><last_name>HATEM MOHAMMED AHMED</last_name><nationality1>KW</nationality1><phones><phone><tph_contact_type>1</tph_contact_type><tph_communication_type>M</tph_communication_type><tph_number>NA</tph_number></phone></phones><occupation>NA</occupation></reporting_person><location><address_type>1</address_type><address>NA</address><city>NA</city><country_code>KW</country_code></location><reason>NOT VALID REMITTER DETAILS </reason><action>REMITTANCE SEND TO BANK</action><transaction><transactionnumber>201700020427</transactionnumber><transaction_location>HEAD OFFICE</transaction_location><date_transaction>2017-08-02T06:08:32</date_transaction><teller>NA</teller><authorized>NA</authorized><transmode_code>L</transmode_code><amount_local>24.05</amount_local><t_from_my_client><from_funds_code>-</from_funds_code><from_foreign_currency><foreign_currency_code>INR</foreign_currency_code><foreign_amount>5090</foreign_amount><foreign_exchange_rate>0.004724951</foreign_exchange_rate></from_foreign_currency><from_person><gender>M</gender><title>Mr.</title><first_name>KRISHNARJUA</first_name><last_name>NARAYANA DIGUMARTHI</last_name><ssn>275050516569</ssn><nationality1>IN</nationality1><phones><phone><tph_contact_type>1</tph_contact_type><tph_communication_type>M</tph_communication_type><tph_country_prefix>965</tph_country_prefix><tph_number>NA</tph_number></phone></phones><addresses><address><address_type>1</address_type><address>NA</address><city>NA</city><country_code>IN</country_code></address></addresses><identification><type>B</type><number>275050516569</number><issue_country>IN</issue_country></identification></from_person><from_country>IN</from_country></t_from_my_client><t_to><to_funds_code>-</to_funds_code><to_foreign_currency><foreign_currency_code>INR</foreign_currency_code><foreign_amount>5090</foreign_amount><foreign_exchange_rate>0.004724951</foreign_exchange_rate></to_foreign_currency><to_person><title>NA</title><first_name>P</first_name><last_name>SATHYA</last_name><ssn>NA</ssn><nationality1>NA</nationality1><phones><phone><tph_contact_type>1</tph_contact_type><tph_communication_type>M</tph_communication_type><tph_country_prefix>NA</tph_country_prefix><tph_number>1231456789</tph_number></phone></phones><addresses><address><address_type>1</address_type><address>NA</address><city>NA</city><country_code>IN</country_code></address></addresses></to_person><to_country>IN</to_country></t_to></transaction><report_indicators><indicator>OTH</indicator></report_indicators></report>