<?xml version='1.0' encoding='UTF-8'?><report><rentity_id>18</rentity_id><submission_code>E</submission_code><report_code>STR</report_code><submission_date>2020-01-02T14:38:34</submission_date><currency_code_local>KWD</currency_code_local><reporting_person><first_name>HATEM MOHAMMED AHMED</first_name><last_name>HATEM MOHAMMED AHMED</last_name><nationality1>KW</nationality1><phones><phone><tph_contact_type>1</tph_contact_type><tph_communication_type>M</tph_communication_type><tph_number>NA</tph_number></phone></phones><occupation>NA</occupation></reporting_person><location><address_type>1</address_type><address>NA</address><city>NA</city><country_code>KW</country_code></location><reason>NOT VALID REMITTER DETAILS </reason><action>REMITTANCE SEND TO BANK</action><transaction><transactionnumber>201700020528</transactionnumber><transaction_location>HEAD OFFICE</transaction_location><date_transaction>2017-08-15T03:08:51</date_transaction><teller>NA</teller><authorized>NA</authorized><transmode_code>K</transmode_code><amount_local>85.35</amount_local><t_from_my_client><from_funds_code>-</from_funds_code><from_foreign_currency><foreign_currency_code>USD</foreign_currency_code><foreign_amount>278</foreign_amount><foreign_exchange_rate>0.307014388</foreign_exchange_rate></from_foreign_currency><from_person><gender>M</gender><title>Mr.</title><first_name>ABDELHAMID</first_name><last_name>ABDELHAMID HASSANEIN</last_name><ssn>289070200665</ssn><nationality1>EG</nationality1><phones><phone><tph_contact_type>1</tph_contact_type><tph_communication_type>M</tph_communication_type><tph_country_prefix>965</tph_country_prefix><tph_number>NA</tph_number></phone></phones><addresses><address><address_type>1</address_type><address>NA</address><city>NA</city><country_code>EG</country_code></address></addresses><identification><type>B</type><number>289070200665</number><issue_country>EG</issue_country></identification></from_person><from_country>EG</from_country></t_from_my_client><t_to><to_funds_code>-</to_funds_code><to_foreign_currency><foreign_currency_code>USD</foreign_currency_code><foreign_amount>278</foreign_amount><foreign_exchange_rate>0.307014388</foreign_exchange_rate></to_foreign_currency><to_person><title>NA</title><first_name>كوثر</first_name><last_name>حسين</last_name><ssn>NA</ssn><nationality1>NA</nationality1><phones><phone><tph_contact_type>1</tph_contact_type><tph_communication_type>M</tph_communication_type><tph_country_prefix>NA</tph_country_prefix><tph_number>1236547895</tph_number></phone></phones><addresses><address><address_type>1</address_type><address>NA</address><city>AKHMEM</city><country_code>EG</country_code></address></addresses></to_person><to_country>EG</to_country></t_to></transaction><report_indicators><indicator>OTH</indicator></report_indicators></report>